,Age,Income,Gender,Membership_Duration,Shopping_Frequency,Last_Purchase_Amount,Product_Category
0,39.0,33666.0,Female,5,Monthly,491.19087559709266,Sports & Outdoors
1,33.0,32208.0,Female,2,Weekly,450.9735256561203,Sports & Outdoors
2,41.0,50235.0,Male,6,Monthly,292.94346755964966,Sports & Outdoors
3,50.0,54515.0,Female,5,Monthly,606.2333662420059,Sports & Outdoors
4,32.0,30641.0,Female,15,Monthly,295.60169057462656,Sports & Outdoors
5,,85043.0,Male,4,Monthly,91.03932281132579,Sports & Outdoors
6,50.0,31067.0,Female,2,Weekly,,Sports & Outdoors
7,42.0,45587.0,Male,7,Monthly,120.61315591974929,Sports & Outdoors
8,30.0,,Male,3,Weekly,173.92551463864163,Sports & Outdoors
9,40.0,70954.0,Male,4,Monthly,153.31005762022068,Sports & Outdoors
10,30.0,55041.0,Male,1,Rarely,,Sports & Outdoors
11,30.0,62362.0,Female,7,Weekly,409.56941865053415,Sports & Outdoors
12,37.0,38293.0,Female,3,Rarely,98.11035371711026,Sports & Outdoors
13,15.0,63729.0,Female,6,Monthly,581.8803775737264,Sports & Outdoors
14,17.0,31670.0,Male,18,Monthly,412.6366082224763,Sports & Outdoors
15,,75041.0,Female,4,Monthly,403.8510927521984,Sports & Outdoors
16,,45863.0,Female,8,Weekly,249.90297790273937,Clothing
17,38.0,63997.0,Male,4,Rarely,383.1590930720207,Sports & Outdoors
18,25.0,42041.0,Male,2,Weekly,97.33643719464636,Clothing
19,20.0,50632.0,Female,12,Weekly,449.6987962059196,Beauty
20,49.0,44947.0,Male,0,Monthly,125.77246255676187,Sports & Outdoors
21,32.0,56304.0,Male,10,Rarely,202.9446603851479,Sports & Outdoors
22,35.0,31703.0,Male,0,Monthly,291.7401701783829,Sports & Outdoors
23,20.0,31245.0,Male,9,Weekly,70.34016264340269,Clothing
24,29.0,35676.0,Female,5,Monthly,511.23811897966954,Sports & Outdoors
25,36.0,33476.0,Male,2,Rarely,434.9699990003546,Sports & Outdoors
26,23.0,71080.0,Male,3,Monthly,337.1061786359262,Home & Garden
27,38.0,34949.0,Male,8,Rarely,367.22526486255776,Sports & Outdoors
28,28.0,,Male,17,Rarely,380.7489556503943,Sports & Outdoors
29,32.0,38216.0,Male,1,Monthly,70.79463970832862,Sports & Outdoors
30,28.0,,Male,2,Weekly,255.0838332989969,Clothing
31,53.0,61184.0,Male,1,Monthly,411.65922241101663,Sports & Outdoors
32,,51500.0,Male,4,Weekly,,Sports & Outdoors
33,24.0,43790.0,Female,9,Weekly,216.17341910522435,Clothing
34,43.0,46209.0,Male,1,Monthly,327.01640294537975,Sports & Outdoors
35,22.0,55402.0,Female,4,Weekly,470.04188857428903,Clothing
36,37.0,35187.0,Male,9,Weekly,113.9027979180872,Sports & Outdoors
37,15.0,142172.0,Male,3,Monthly,419.757280557719,Sports & Outdoors
38,21.0,,Male,5,Monthly,315.2395651323691,Home & Garden
39,36.0,51015.0,Male,11,Monthly,,Sports & Outdoors
40,42.0,34451.0,Female,1,Weekly,397.73738810343104,Sports & Outdoors
41,36.0,52802.0,Male,0,Rarely,206.684280125609,Sports & Outdoors
42,33.0,31498.0,Male,6,Weekly,403.0715206590921,Sports & Outdoors
43,31.0,30622.0,Female,6,Rarely,629.8730108640204,Sports & Outdoors
44,20.0,35959.0,Female,3,Monthly,342.80345199231533,Sports & Outdoors
45,,42421.0,Male,2,Rarely,78.26676017942161,Sports & Outdoors
46,30.0,70540.0,Female,5,Monthly,400.00792174814563,Sports & Outdoors
47,45.0,55978.0,Female,1,Monthly,330.6915184169054,Sports & Outdoors
48,38.0,,Female,1,Rarely,,Sports & Outdoors
49,,41084.0,Male,8,Monthly,305.8777958685676,Sports & Outdoors
50,38.0,38490.0,Male,1,Rarely,93.23923918180108,Sports & Outdoors
51,31.0,39273.0,Male,0,Monthly,184.25788507003443,Sports & Outdoors
52,28.0,117881.0,Female,2,Weekly,118.19991564242466,Clothing
53,41.0,30818.0,Male,3,Weekly,,Sports & Outdoors
54,45.0,70352.0,Female,7,Monthly,380.29025132693175,Sports & Outdoors
55,44.0,47287.0,Male,3,Monthly,111.83537647115757,Sports & Outdoors
56,26.0,41546.0,Male,12,Rarely,117.26740923680677,Sports & Outdoors
57,31.0,55838.0,Female,5,Weekly,106.71052451249426,Sports & Outdoors
58,38.0,43336.0,Male,2,Rarely,95.89069960742549,Sports & Outdoors
59,44.0,71338.0,Female,6,Monthly,322.87006244943603,Home & Garden
60,30.0,76192.0,Female,12,Monthly,396.0913357070625,Home & Garden
61,33.0,40953.0,Male,7,Rarely,507.11055692939254,Sports & Outdoors
62,23.0,36482.0,Female,1,Monthly,95.33747488747487,Sports & Outdoors
63,23.0,47946.0,Male,3,Weekly,276.60806257239193,Clothing
64,43.0,78691.0,Male,6,Rarely,196.4087392881942,Sports & Outdoors
65,48.0,34731.0,Female,7,Weekly,79.44804497175141,Sports & Outdoors
66,,49508.0,Male,4,Weekly,180.56420703498475,Sports & Outdoors
67,45.0,49969.0,Female,3,Weekly,117.90078361277513,Sports & Outdoors
68,38.0,56418.0,Male,15,Rarely,211.4329396161595,Sports & Outdoors
69,,32821.0,Male,8,Monthly,,Sports & Outdoors
70,38.0,55163.0,Male,6,Weekly,249.7165352960052,Sports & Outdoors
71,50.0,77945.0,Male,3,Weekly,213.17236580997982,Sports & Outdoors
72,34.0,33961.0,Male,1,Weekly,102.80586821360593,Sports & Outdoors
73,50.0,35424.0,Female,6,Monthly,161.0802401325916,Sports & Outdoors
74,8.0,,Female,8,Monthly,558.9337011658647,Sports & Outdoors
75,43.0,,Female,4,Rarely,358.2155928289809,Sports & Outdoors
76,35.0,68535.0,Female,8,Monthly,307.1240452925097,Sports & Outdoors
77,32.0,43556.0,Female,8,Rarely,233.3119601418153,Sports & Outdoors
78,,35679.0,Female,9,Rarely,233.8695031012535,Sports & Outdoors
79,15.0,70920.0,Male,1,Rarely,230.6946545736406,Sports & Outdoors
80,32.0,41786.0,Male,3,Rarely,183.20387988529637,Sports & Outdoors
81,38.0,,Female,7,Rarely,252.0627136729402,Sports & Outdoors
82,49.0,38901.0,Female,5,Weekly,60.39131540867959,Sports & Outdoors
83,29.0,47976.0,Male,8,Monthly,410.42613933959694,Sports & Outdoors
84,26.0,,Male,6,Weekly,,Clothing
85,29.0,39921.0,Male,0,Rarely,650.5482284711345,Sports & Outdoors
86,44.0,99743.0,Female,10,Monthly,224.6069775275469,Sports & Outdoors
87,38.0,35971.0,Female,3,Weekly,504.14019502141065,Sports & Outdoors
88,29.0,51385.0,Female,2,Weekly,,Clothing
89,40.0,37866.0,Male,10,Rarely,409.20928558285397,Sports & Outdoors
90,,59697.0,Male,7,Weekly,94.8825236816844,Sports & Outdoors
91,44.0,,Female,11,Weekly,101.39078217786216,Sports & Outdoors
92,27.0,100012.0,Female,6,Weekly,276.06543083327875,Sports & Outdoors
93,31.0,,Male,3,Weekly,78.70487689304645,Sports & Outdoors
94,31.0,35385.0,Male,5,Weekly,,Sports & Outdoors
95,20.0,31526.0,Male,1,Rarely,570.6388400302224,Sports & Outdoors
96,37.0,33720.0,Male,1,Rarely,367.98873265713405,Sports & Outdoors
97,37.0,,Female,2,Weekly,263.2216736243348,Sports & Outdoors
98,35.0,38219.0,Male,13,Rarely,,Sports & Outdoors
99,32.0,,Male,3,Rarely,256.8665750898226,Sports & Outdoors
100,,41273.0,Male,0,Monthly,520.4068702274982,Sports & Outdoors
101,30.0,35719.0,Female,4,Weekly,257.7234759487319,Sports & Outdoors
102,,49201.0,Female,3,Rarely,252.20050113875433,Sports & Outdoors
103,,54536.0,Male,10,Rarely,194.39208081161675,Sports & Outdoors
104,33.0,33655.0,Male,12,Weekly,125.27522323803562,Sports & Outdoors
105,,33669.0,Male,3,Monthly,344.72670238708304,Sports & Outdoors
106,53.0,30747.0,Female,6,Weekly,398.1937914802195,Sports & Outdoors
107,36.0,56666.0,Female,6,Monthly,115.62372389604785,Sports & Outdoors
108,,51801.0,Female,4,Weekly,421.4894968332663,Sports & Outdoors
109,,42873.0,Male,4,Weekly,306.40855794997697,Sports & Outdoors
110,15.0,67179.0,Female,2,Weekly,97.09724761623379,Beauty
111,34.0,62763.0,Male,0,Weekly,98.53680808037069,Sports & Outdoors
112,35.0,47606.0,Male,2,Monthly,460.935226954077,Sports & Outdoors
113,59.0,70540.0,Male,4,Monthly,177.34117997591613,Home & Garden
114,33.0,34609.0,Female,1,Rarely,408.733542433923,Sports & Outdoors
115,38.0,32373.0,Male,5,Weekly,495.44530432131927,Sports & Outdoors
116,34.0,36287.0,Female,5,Monthly,174.1830198402179,Sports & Outdoors
117,23.0,31175.0,Female,3,Monthly,93.52981560832727,Sports & Outdoors
118,46.0,45150.0,Male,4,Monthly,393.5296341687099,Sports & Outdoors
119,42.0,85167.0,Male,1,Weekly,461.69558362755447,Sports & Outdoors
120,42.0,30802.0,Female,8,Rarely,477.05461942822535,Sports & Outdoors
121,25.0,,Male,8,Monthly,256.57180424017685,Sports & Outdoors
122,49.0,42036.0,Female,1,Weekly,,Sports & Outdoors
123,,84324.0,Male,1,Monthly,129.15211339380545,Sports & Outdoors
124,40.0,37600.0,Female,2,Monthly,,Sports & Outdoors
125,56.0,44154.0,Female,7,Rarely,192.8539152387122,Sports & Outdoors
126,,30849.0,Female,6,Monthly,126.14906962599696,Sports & Outdoors
127,29.0,33211.0,Female,10,Monthly,412.41082828507194,Sports & Outdoors
128,,,Male,11,Weekly,384.685602461396,Sports & Outdoors
129,,97116.0,Male,1,Weekly,455.1025918870938,Sports & Outdoors
130,19.0,30099.0,Female,7,Rarely,300.51901063853506,Sports & Outdoors
131,35.0,90652.0,Female,10,Weekly,144.76686554892183,Sports & Outdoors
132,24.0,50384.0,Male,3,Weekly,272.3830589569898,Clothing
133,39.0,70486.0,Male,4,Rarely,515.1909750726579,Home & Garden
134,25.0,42129.0,Male,4,Monthly,400.8161177139896,Sports & Outdoors
135,50.0,44496.0,Male,4,Rarely,,Sports & Outdoors
136,27.0,43421.0,Male,8,Weekly,431.08594895980264,Clothing
137,31.0,51984.0,Male,15,Rarely,367.43144249966684,Sports & Outdoors
138,43.0,33008.0,Female,12,Monthly,,Sports & Outdoors
139,22.0,30608.0,Male,3,Rarely,168.00027621219854,Sports & Outdoors
140,37.0,37361.0,Male,6,Weekly,472.9771680972712,Sports & Outdoors
141,48.0,,Female,2,Weekly,315.55060224402354,Sports & Outdoors
142,18.0,34509.0,Male,2,Rarely,,Sports & Outdoors
143,36.0,52382.0,Male,4,Monthly,472.6505699469268,Sports & Outdoors
144,37.0,100072.0,Male,2,Rarely,,Home & Garden
145,42.0,31972.0,Male,3,Monthly,318.6897641213068,Sports & Outdoors
146,,52331.0,Male,5,Monthly,164.57350953375075,Sports & Outdoors
147,21.0,41730.0,Female,7,Rarely,210.0442639600608,Sports & Outdoors
148,40.0,70520.0,Male,7,Monthly,116.1943653017569,Sports & Outdoors
149,,33899.0,Female,7,Weekly,98.44838416794973,Sports & Outdoors
150,37.0,53593.0,Female,1,Rarely,101.48058704682477,Sports & Outdoors
151,38.0,66417.0,Male,2,Monthly,177.94170766579688,Sports & Outdoors
152,28.0,87868.0,Female,5,Weekly,301.4461935886408,Home & Garden
153,37.0,52992.0,Male,10,Rarely,209.51592755208569,Sports & Outdoors
154,37.0,43750.0,Female,20,Weekly,176.84736743525957,Sports & Outdoors
155,27.0,49238.0,Female,6,Weekly,156.82816253281382,Clothing
156,53.0,70636.0,Male,8,Weekly,251.51881998332777,Sports & Outdoors
157,39.0,46907.0,Male,1,Monthly,336.2472303590845,Sports & Outdoors
158,23.0,30617.0,Male,8,Rarely,89.04683789257231,Sports & Outdoors
159,41.0,83458.0,Male,17,Rarely,521.9657257158055,Sports & Outdoors
160,25.0,53393.0,Male,2,Monthly,70.42842664654022,Sports & Outdoors
161,42.0,52571.0,Female,3,Rarely,,Sports & Outdoors
162,46.0,34858.0,Female,9,Weekly,608.4133087477801,Sports & Outdoors
163,26.0,51510.0,Female,5,Rarely,209.18204561046164,Sports & Outdoors
164,44.0,40013.0,Female,0,Monthly,297.137851830923,Sports & Outdoors
165,39.0,51067.0,Female,3,Weekly,313.9594322887772,Sports & Outdoors
166,43.0,32254.0,Female,12,Monthly,164.52263317839402,Sports & Outdoors
167,53.0,51449.0,Female,3,Weekly,586.9095286245324,Sports & Outdoors
168,32.0,178834.0,Male,3,Weekly,,Sports & Outdoors
169,27.0,30988.0,Male,8,Rarely,,Sports & Outdoors
170,26.0,105597.0,Female,6,Weekly,121.09071526718833,Clothing
171,26.0,40448.0,Female,3,Monthly,351.36575125380045,Sports & Outdoors
172,34.0,70920.0,Male,2,Rarely,557.5060767550441,Sports & Outdoors
173,38.0,60500.0,Male,27,Monthly,418.7120969100607,Sports & Outdoors
174,37.0,46741.0,Male,11,Weekly,107.26570779767951,Sports & Outdoors
175,43.0,56822.0,Male,7,Monthly,342.1323865005228,Sports & Outdoors
176,35.0,,Female,7,Monthly,,Home & Garden
177,49.0,40355.0,Male,4,Weekly,119.65313814544683,Sports & Outdoors
178,32.0,37921.0,Female,6,Rarely,356.5221792936372,Sports & Outdoors
179,62.0,52027.0,Female,4,Monthly,613.1810161215424,Sports & Outdoors
180,41.0,,Female,2,Weekly,204.5940959825084,Sports & Outdoors
181,26.0,58733.0,Male,6,Rarely,329.51239274651914,Sports & Outdoors
182,24.0,61971.0,Male,3,Rarely,221.42199817855175,Sports & Outdoors
183,39.0,,Female,6,Rarely,418.57716047639195,Sports & Outdoors
184,32.0,,Female,7,Monthly,86.48831225170665,Sports & Outdoors
185,42.0,32561.0,Female,7,Monthly,547.4633454014174,Sports & Outdoors
186,39.0,45726.0,Male,2,Monthly,517.373013572101,Sports & Outdoors
187,34.0,30115.0,Female,3,Rarely,211.5808083726541,Sports & Outdoors
188,26.0,37848.0,Male,3,Monthly,,Sports & Outdoors
189,19.0,39128.0,Female,9,Weekly,225.05864367110345,Clothing
190,30.0,,Female,9,Monthly,432.1430996630173,Sports & Outdoors
191,43.0,53779.0,Female,2,Monthly,,Sports & Outdoors
192,,39838.0,Male,1,Rarely,315.2380776540566,Sports & Outdoors
193,22.0,41909.0,Male,21,Monthly,88.29050017551863,Sports & Outdoors
194,,35424.0,Female,6,Weekly,346.23847353878267,Sports & Outdoors
195,38.0,39344.0,Male,1,Rarely,487.23219276944064,Sports & Outdoors
196,26.0,,Female,3,Weekly,304.8150593827064,Clothing
197,36.0,31520.0,Male,10,Rarely,325.72191756995585,Sports & Outdoors
198,35.0,48498.0,Male,18,Rarely,195.10260748786345,Sports & Outdoors
199,23.0,52065.0,Male,16,Monthly,503.0804697490436,Sports & Outdoors
200,38.0,49324.0,Female,6,Weekly,487.1651324263122,Sports & Outdoors
201,40.0,42453.0,Male,5,Rarely,264.54675825415075,Sports & Outdoors
202,45.0,39553.0,Male,2,Monthly,,Sports & Outdoors
203,45.0,69804.0,Female,5,Rarely,244.59165498948997,Sports & Outdoors
204,21.0,44641.0,Female,2,Rarely,230.4603239685603,Sports & Outdoors
205,25.0,43047.0,Female,3,Rarely,570.9536170726441,Sports & Outdoors
206,40.0,30519.0,Female,9,Rarely,337.0650106852371,Sports & Outdoors
207,40.0,38348.0,Male,4,Rarely,147.6958207727859,Sports & Outdoors
208,40.0,39567.0,Male,3,Rarely,190.22669721405225,Sports & Outdoors
209,73.0,40177.0,Male,4,Monthly,159.65031818413726,Sports & Outdoors
210,40.0,,Male,23,Rarely,487.1701005526802,Sports & Outdoors
211,46.0,,Male,1,Weekly,492.34796598124046,Sports & Outdoors
212,44.0,48725.0,Female,6,Monthly,193.89021728749918,Sports & Outdoors
213,41.0,58953.0,Male,15,Weekly,338.45111610175746,Sports & Outdoors
214,31.0,63531.0,Male,4,Rarely,411.8868983266448,Sports & Outdoors
215,42.0,55325.0,Male,11,Weekly,195.43935539001677,Sports & Outdoors
216,27.0,92255.0,Female,1,Rarely,361.8992692547002,Home & Garden
217,32.0,30368.0,Female,4,Rarely,,Sports & Outdoors
218,30.0,34357.0,Male,2,Monthly,292.14419983077653,Sports & Outdoors
219,,,Female,4,Monthly,598.3881227926349,Sports & Outdoors
220,58.0,50852.0,Female,4,Rarely,585.9981440273613,Sports & Outdoors
221,16.0,75661.0,Female,5,Monthly,440.62839414646373,Home & Garden
222,41.0,,Female,9,Weekly,366.4960093697359,Sports & Outdoors
223,18.0,82355.0,Female,0,Monthly,443.1943712338535,Sports & Outdoors
224,30.0,31243.0,Female,2,Monthly,486.01443175789836,Sports & Outdoors
225,45.0,84494.0,Female,5,Weekly,203.21225828277818,Home & Garden
226,35.0,38665.0,Male,0,Monthly,86.82297500405406,Sports & Outdoors
227,24.0,32138.0,Male,7,Rarely,340.7892207497382,Sports & Outdoors
228,27.0,43305.0,Female,2,Weekly,205.5007829089474,Clothing
229,41.0,35935.0,Male,4,Rarely,107.96535544358652,Sports & Outdoors
230,27.0,36705.0,Male,9,Weekly,104.31014046368217,Clothing
231,37.0,37342.0,Female,11,Rarely,,Sports & Outdoors
232,35.0,62493.0,Male,7,Rarely,232.0221555234698,Sports & Outdoors
233,28.0,45494.0,Female,1,Monthly,455.02841092906004,Sports & Outdoors
234,56.0,37459.0,Female,7,Rarely,374.9275140329735,Sports & Outdoors
235,41.0,48849.0,Female,8,Monthly,,Sports & Outdoors
236,,55186.0,Male,6,Weekly,187.57572340401705,Clothing
237,36.0,,Male,13,Rarely,95.98530163996016,Sports & Outdoors
238,28.0,40673.0,Male,5,Rarely,374.3870705389551,Sports & Outdoors
239,,32599.0,Male,12,Weekly,339.872612553193,Sports & Outdoors
240,27.0,33997.0,Female,12,Weekly,318.8061846673326,Clothing
241,33.0,52858.0,Female,8,Rarely,92.55091375901473,Sports & Outdoors
242,40.0,34004.0,Male,6,Weekly,567.0348702901999,Sports & Outdoors
243,43.0,44895.0,Female,7,Monthly,285.76048177220844,Sports & Outdoors
244,22.0,54691.0,Female,14,Weekly,180.30848037882987,Beauty
245,31.0,32260.0,Male,10,Weekly,228.15115883366144,Sports & Outdoors
246,30.0,46754.0,Female,1,Rarely,248.21306929219244,Sports & Outdoors
247,28.0,35929.0,Male,6,Monthly,166.67112538188485,Sports & Outdoors
248,52.0,,Female,2,Weekly,88.28248346104101,Sports & Outdoors
249,,43215.0,Male,2,Monthly,64.16541160332278,Sports & Outdoors
250,22.0,62797.0,Female,3,Monthly,298.80833713152595,Sports & Outdoors
251,44.0,45980.0,Female,1,Monthly,,Sports & Outdoors
252,56.0,30887.0,Male,2,Rarely,310.91147501810474,Sports & Outdoors
253,45.0,50056.0,Male,13,Weekly,306.0294658433941,Sports & Outdoors
254,19.0,90484.0,Male,2,Rarely,229.36723174140542,Home & Garden
255,30.0,48406.0,Male,9,Weekly,,Sports & Outdoors
256,47.0,64206.0,Female,5,Weekly,98.15645000035188,Sports & Outdoors
257,27.0,73118.0,Female,7,Rarely,511.5488283139584,Home & Garden
258,39.0,,Male,7,Monthly,101.1554801341217,Sports & Outdoors
259,42.0,34766.0,Female,2,Monthly,412.6203896928214,Sports & Outdoors
260,,48882.0,Male,9,Weekly,347.32030105565195,Clothing
261,34.0,40587.0,Male,1,Rarely,379.48192229838304,Sports & Outdoors
262,2.0,66634.0,Female,2,Monthly,484.43920716870593,Sports & Outdoors
263,24.0,76056.0,Female,7,Monthly,,Sports & Outdoors
264,32.0,38721.0,Male,2,Weekly,111.21434564585513,Sports & Outdoors
265,22.0,,Male,0,Weekly,377.5808492204647,Clothing
266,,60330.0,Male,6,Rarely,375.8771826973308,Sports & Outdoors
267,20.0,36426.0,Female,1,Weekly,87.96066771255748,Clothing
268,30.0,64588.0,Female,8,Monthly,414.1989111367219,Sports & Outdoors
269,36.0,41023.0,Female,3,Monthly,308.6276250571606,Sports & Outdoors
270,49.0,52025.0,Female,6,Monthly,260.7665767010406,Sports & Outdoors
271,20.0,32008.0,Male,6,Monthly,453.2571286241716,Sports & Outdoors
272,46.0,49555.0,Male,8,Rarely,186.80637693566607,Sports & Outdoors
273,35.0,42021.0,Male,7,Rarely,417.6377856618146,Sports & Outdoors
274,,47667.0,Male,2,Weekly,400.37279037298003,Clothing
275,39.0,33678.0,Male,4,Weekly,82.40999055464097,Sports & Outdoors
276,,56702.0,Male,6,Weekly,246.276547627856,Sports & Outdoors
277,28.0,69725.0,Female,12,Rarely,398.9230836331478,Sports & Outdoors
278,35.0,34885.0,Female,7,Monthly,117.29274367805921,Sports & Outdoors
279,31.0,32012.0,Male,12,Weekly,178.3285039446615,Sports & Outdoors
280,36.0,30478.0,Male,6,Monthly,296.73294225474746,Sports & Outdoors
281,41.0,50542.0,Female,10,Weekly,104.29068854058427,Sports & Outdoors
282,50.0,48683.0,Female,6,Weekly,674.7554907623262,Sports & Outdoors
283,22.0,45823.0,Female,10,Weekly,382.5905455862815,Clothing
284,56.0,35277.0,Female,3,Weekly,193.34924425118487,Sports & Outdoors
285,15.0,39915.0,Male,13,Weekly,121.96306055473477,Beauty
286,,48051.0,Male,7,Monthly,277.2113136908947,Sports & Outdoors
287,40.0,43734.0,Male,1,Weekly,422.7703353338203,Sports & Outdoors
288,37.0,118102.0,Male,6,Monthly,480.87673651352253,Sports & Outdoors
289,,32933.0,Male,7,Rarely,88.48316256602119,Sports & Outdoors
290,32.0,53758.0,Female,9,Weekly,320.4277467890194,Sports & Outdoors
291,30.0,40360.0,Male,17,Monthly,269.82202840580055,Sports & Outdoors
292,29.0,41179.0,Female,3,Rarely,,Sports & Outdoors
293,43.0,55288.0,Male,17,Rarely,211.39732278739245,Sports & Outdoors
294,,53581.0,Male,5,Rarely,382.05429505338935,Sports & Outdoors
295,28.0,,Male,2,Monthly,175.82726874900646,Sports & Outdoors
296,43.0,32748.0,Male,3,Weekly,240.70884460585154,Sports & Outdoors
297,38.0,32198.0,Male,7,Weekly,650.9623959965678,Sports & Outdoors
298,43.0,55771.0,Female,2,Monthly,,Sports & Outdoors
299,41.0,47273.0,Female,3,Weekly,173.7154208983769,Sports & Outdoors
300,,,Female,6,Monthly,106.75373996156277,Sports & Outdoors
301,,31655.0,Male,13,Weekly,,Clothing
302,42.0,31791.0,Male,9,Rarely,618.4415461324073,Sports & Outdoors
303,41.0,74922.0,Female,5,Weekly,107.656023966027,Sports & Outdoors
304,34.0,34260.0,Male,7,Monthly,99.54362478539304,Sports & Outdoors
305,36.0,37812.0,Male,5,Monthly,267.49886386225916,Sports & Outdoors
306,47.0,35140.0,Female,1,Rarely,213.63471380503307,Sports & Outdoors
307,29.0,38769.0,Male,15,Monthly,279.1090457422428,Sports & Outdoors
308,40.0,31439.0,Female,13,Weekly,208.82739780519364,Sports & Outdoors
309,32.0,44640.0,Male,4,Weekly,295.4417352325012,Sports & Outdoors
310,32.0,31400.0,Female,3,Rarely,92.55016240259707,Sports & Outdoors
311,45.0,,Male,1,Monthly,322.18073810945447,Sports & Outdoors
312,43.0,35323.0,Male,7,Rarely,220.56781010989204,Sports & Outdoors
313,43.0,45531.0,Female,7,Weekly,504.2570341379033,Sports & Outdoors
314,48.0,72418.0,Male,2,Rarely,,Sports & Outdoors
315,35.0,51046.0,Male,6,Monthly,79.35310323244782,Sports & Outdoors
316,41.0,45226.0,Female,8,Rarely,337.5178915339794,Sports & Outdoors
317,31.0,37841.0,Male,3,Monthly,295.04121191840153,Sports & Outdoors
318,38.0,38099.0,Female,4,Monthly,141.99516796653114,Sports & Outdoors
319,33.0,52142.0,Male,4,Weekly,554.8971917061467,Sports & Outdoors
320,35.0,132789.0,Male,2,Weekly,532.4688581635085,Sports & Outdoors
321,40.0,51684.0,Male,4,Weekly,295.19385390157083,Sports & Outdoors
322,26.0,46319.0,Male,1,Monthly,171.8751578133752,Sports & Outdoors
323,55.0,56234.0,Female,4,Rarely,424.9114234112744,Sports & Outdoors
324,24.0,42517.0,Male,4,Monthly,144.70789563452954,Sports & Outdoors
325,22.0,31240.0,Female,4,Weekly,366.3715911415029,Clothing
326,46.0,,Male,7,Weekly,240.49753747317982,Sports & Outdoors
327,42.0,93224.0,Male,1,Rarely,,Sports & Outdoors
328,41.0,33854.0,Male,1,Weekly,187.21705766836652,Sports & Outdoors
329,41.0,53423.0,Male,2,Weekly,158.03494034964166,Sports & Outdoors
330,34.0,34486.0,Female,1,Weekly,183.90117230441348,Sports & Outdoors
331,26.0,45349.0,Female,7,Rarely,207.38181209357384,Sports & Outdoors
332,,32033.0,Female,3,Monthly,119.69110581928345,Sports & Outdoors
333,28.0,41970.0,Female,4,Weekly,621.763358973272,Clothing
334,,58225.0,Male,2,Rarely,,Sports & Outdoors
335,33.0,,Female,3,Weekly,453.40380633732354,Sports & Outdoors
336,26.0,,Female,6,Rarely,181.05100244423912,Sports & Outdoors
337,31.0,61738.0,Male,6,Weekly,94.99970628129276,Sports & Outdoors
338,39.0,82394.0,Male,2,Rarely,,Sports & Outdoors
339,29.0,35348.0,Male,4,Weekly,85.68398474517123,Clothing
340,26.0,40193.0,Male,2,Monthly,190.2344033476268,Sports & Outdoors
341,37.0,33307.0,Female,4,Weekly,460.72626372115406,Sports & Outdoors
342,37.0,127813.0,Female,2,Rarely,285.9377926083078,Sports & Outdoors
343,29.0,82346.0,Male,15,Weekly,398.2858757018749,Home & Garden
344,30.0,45528.0,Male,8,Monthly,99.43184275413671,Sports & Outdoors
345,37.0,66907.0,Male,6,Weekly,,Sports & Outdoors
346,20.0,,Female,3,Rarely,,Sports & Outdoors
347,20.0,49541.0,Female,9,Rarely,102.42093899761367,Sports & Outdoors
348,27.0,31866.0,Male,4,Monthly,109.93163341099853,Sports & Outdoors
349,,58152.0,Male,14,Rarely,65.71091892549686,Sports & Outdoors
350,,32732.0,Female,9,Weekly,103.13688487382956,Sports & Outdoors
351,,64981.0,Male,3,Weekly,241.1522947278387,Sports & Outdoors
352,43.0,60467.0,Male,13,Weekly,482.4429105523419,Sports & Outdoors
353,33.0,54671.0,Female,4,Rarely,,Sports & Outdoors
354,,30736.0,Male,16,Weekly,120.91558303204731,Sports & Outdoors
355,24.0,37223.0,Female,14,Weekly,106.6892012819401,Clothing
356,34.0,36106.0,Male,6,Weekly,113.50781470585977,Sports & Outdoors
357,32.0,38930.0,Male,1,Monthly,188.03980151670163,Sports & Outdoors
358,38.0,,Female,5,Rarely,179.6332892030015,Sports & Outdoors
359,26.0,85279.0,Female,1,Rarely,461.56548975142357,Home & Garden
360,40.0,46139.0,Male,2,Rarely,116.54320623730422,Sports & Outdoors
361,,37291.0,Female,3,Monthly,229.6209689120764,Sports & Outdoors
362,33.0,40116.0,Male,1,Rarely,261.22688627736073,Sports & Outdoors
363,39.0,41855.0,Male,5,Monthly,,Sports & Outdoors
364,41.0,48355.0,Female,2,Monthly,619.1868506308665,Sports & Outdoors
365,30.0,44500.0,Male,4,Rarely,201.9495661611507,Sports & Outdoors
366,37.0,,Male,3,Weekly,111.03920710554858,Sports & Outdoors
367,35.0,43741.0,Female,7,Weekly,96.45413153620184,Sports & Outdoors
368,,126965.0,Female,6,Rarely,99.95196899502896,Sports & Outdoors
369,27.0,68133.0,Male,3,Rarely,,Sports & Outdoors
370,35.0,34676.0,Female,7,Monthly,401.9332921640152,Sports & Outdoors
371,39.0,,Female,11,Rarely,398.6631992408676,Sports & Outdoors
372,49.0,32474.0,Female,0,Monthly,63.28907178423369,Sports & Outdoors
373,44.0,64014.0,Female,3,Rarely,132.09015160330802,Sports & Outdoors
374,56.0,,Male,2,Weekly,315.3918239372058,Sports & Outdoors
375,27.0,72070.0,Male,2,Weekly,346.6172211634975,Sports & Outdoors
376,43.0,70507.0,Male,0,Rarely,345.55336911466577,Sports & Outdoors
377,36.0,62790.0,Female,0,Monthly,200.0895500369721,Sports & Outdoors
378,56.0,61215.0,Female,3,Weekly,405.97863642335244,Sports & Outdoors
379,26.0,37267.0,Female,3,Monthly,228.22878778584408,Sports & Outdoors
380,26.0,31687.0,Female,12,Rarely,93.8639297110281,Sports & Outdoors
381,29.0,40316.0,Female,5,Rarely,204.83447516105593,Sports & Outdoors
382,13.0,33811.0,Female,7,Weekly,330.49666022723954,Clothing
383,29.0,53745.0,Female,40,Rarely,93.54227190842788,Sports & Outdoors
384,27.0,38496.0,Male,15,Weekly,223.7799922699823,Beauty
385,36.0,104271.0,Male,4,Monthly,424.4295013293507,Sports & Outdoors
386,38.0,50487.0,Female,3,Weekly,186.45429965079282,Sports & Outdoors
387,53.0,64573.0,Female,3,Weekly,91.37292146161428,Sports & Outdoors
388,44.0,32843.0,Female,6,Monthly,293.77159913193975,Sports & Outdoors
389,29.0,69612.0,Male,3,Weekly,,Beauty
390,26.0,,Male,1,Weekly,558.6560768106879,Home & Garden
391,39.0,43352.0,Female,3,Rarely,277.5021720784935,Sports & Outdoors
392,21.0,,Female,6,Monthly,46.830471362915766,Sports & Outdoors
393,53.0,58947.0,Male,8,Weekly,,Sports & Outdoors
394,46.0,33843.0,Male,16,Monthly,290.84511422062457,Sports & Outdoors
395,30.0,43965.0,Male,5,Monthly,92.29259998698191,Sports & Outdoors
396,17.0,40171.0,Male,11,Weekly,117.61734661388155,Clothing
397,48.0,33165.0,Female,4,Rarely,495.82340177139025,Sports & Outdoors
398,33.0,39162.0,Male,4,Monthly,624.4714576818409,Sports & Outdoors
399,47.0,31412.0,Male,4,Weekly,374.1175508910254,Sports & Outdoors
400,19.0,30523.0,Female,5,Monthly,,Sports & Outdoors
401,29.0,32904.0,Male,9,Rarely,255.9412109882865,Sports & Outdoors
402,35.0,95999.0,Male,3,Rarely,659.6849794605841,Sports & Outdoors
403,35.0,45949.0,Male,2,Rarely,205.5520181816604,Sports & Outdoors
404,,97523.0,Female,9,Weekly,370.63419609405383,Home & Garden
405,,,Male,9,Weekly,403.2989614813263,Sports & Outdoors
406,24.0,37473.0,Female,13,Rarely,,Sports & Outdoors
407,33.0,44110.0,Female,3,Weekly,290.3002057581865,Sports & Outdoors
408,36.0,41578.0,Male,4,Rarely,439.04795183068154,Sports & Outdoors
409,40.0,32233.0,Male,9,Weekly,232.800514183703,Sports & Outdoors
410,42.0,50478.0,Male,3,Rarely,,Sports & Outdoors
411,23.0,34867.0,Male,7,Monthly,508.4388194328302,Sports & Outdoors
412,19.0,49330.0,Female,4,Rarely,,Sports & Outdoors
413,47.0,51007.0,Male,6,Rarely,189.99566164017364,Sports & Outdoors
414,38.0,33298.0,Male,1,Weekly,357.87605524633875,Sports & Outdoors
415,27.0,31266.0,Male,5,Weekly,235.38146722016947,Clothing
416,50.0,60351.0,Female,11,Weekly,482.8707729242867,Sports & Outdoors
417,36.0,42316.0,Male,8,Weekly,124.23807206211569,Sports & Outdoors
418,,31198.0,Male,2,Weekly,361.8859606975385,Sports & Outdoors
419,35.0,135438.0,Female,15,Weekly,393.26753675028004,Home & Garden
420,55.0,,Female,10,Monthly,398.2093755686502,Sports & Outdoors
421,52.0,,Male,1,Rarely,78.736532885213,Sports & Outdoors
422,32.0,112305.0,Male,3,Rarely,541.4632895241339,Sports & Outdoors
423,44.0,35467.0,Male,1,Rarely,,Sports & Outdoors
424,41.0,33068.0,Male,6,Monthly,470.63684379154085,Sports & Outdoors
425,48.0,32588.0,Male,3,Rarely,121.74204724031486,Sports & Outdoors
426,25.0,37227.0,Female,0,Monthly,531.5244926570855,Sports & Outdoors
427,41.0,32130.0,Female,4,Monthly,297.5034413404005,Sports & Outdoors
428,45.0,53563.0,Male,9,Monthly,360.0783922246335,Sports & Outdoors
429,17.0,31286.0,Male,5,Rarely,245.0556797771687,Sports & Outdoors
430,23.0,44243.0,Female,7,Monthly,613.9637812014031,Sports & Outdoors
431,14.0,144257.0,Male,5,Rarely,78.25712999525402,Sports & Outdoors
432,32.0,63636.0,Male,8,Rarely,266.30856856711614,Sports & Outdoors
433,,49101.0,Male,6,Weekly,252.94564004764325,Sports & Outdoors
434,50.0,37312.0,Male,4,Weekly,561.4076223049092,Sports & Outdoors
435,35.0,49557.0,Male,5,Monthly,209.99716105052758,Sports & Outdoors
436,51.0,44974.0,Female,13,Monthly,88.77033950467953,Sports & Outdoors
437,21.0,,Male,7,Rarely,325.6688967219345,Sports & Outdoors
438,17.0,32801.0,Male,2,Monthly,,Sports & Outdoors
439,34.0,73537.0,Male,5,Monthly,194.65584249587317,Sports & Outdoors
440,38.0,41948.0,Female,6,Rarely,84.65409250958848,Sports & Outdoors
441,34.0,34328.0,Female,4,Monthly,692.1932963618025,Sports & Outdoors
442,14.0,,Female,0,Monthly,173.7174832343315,Sports & Outdoors
443,,40693.0,Female,2,Rarely,245.54468285815142,Sports & Outdoors
444,21.0,,Male,3,Rarely,307.9207548791541,Sports & Outdoors
445,41.0,,Female,16,Weekly,92.90107539586054,Sports & Outdoors
446,38.0,59333.0,Male,7,Rarely,440.18329803059095,Sports & Outdoors
447,25.0,30221.0,Male,1,Weekly,395.373044031678,Clothing
448,29.0,,Female,4,Monthly,314.62578129078315,Sports & Outdoors
449,,43130.0,Female,12,Rarely,446.1165153975995,Sports & Outdoors
450,,30387.0,Female,3,Rarely,136.08815392401624,Sports & Outdoors
451,44.0,36017.0,Female,10,Rarely,129.31152768729422,Sports & Outdoors
452,25.0,58566.0,Female,1,Monthly,452.2171622625931,Sports & Outdoors
453,40.0,32949.0,Male,0,Weekly,528.9012455532339,Sports & Outdoors
454,29.0,45327.0,Female,11,Monthly,114.03914983264652,Sports & Outdoors
455,27.0,34846.0,Female,3,Monthly,530.8758204311393,Sports & Outdoors
456,33.0,30243.0,Female,3,Rarely,257.48452398370705,Sports & Outdoors
457,24.0,35520.0,Male,5,Weekly,615.9764961951772,Clothing
458,29.0,104489.0,Female,6,Monthly,330.82075050149217,Home & Garden
459,23.0,62343.0,Male,0,Rarely,207.95094601380913,Sports & Outdoors
460,,94166.0,Female,2,Monthly,207.0233921434356,Sports & Outdoors
461,,43382.0,Female,5,Monthly,534.5809875405646,Sports & Outdoors
462,28.0,32324.0,Male,6,Rarely,256.196266844811,Sports & Outdoors
463,37.0,45879.0,Female,2,Rarely,216.61023313470986,Sports & Outdoors
464,33.0,42116.0,Male,4,Weekly,447.1370508399823,Sports & Outdoors
465,32.0,67203.0,Male,3,Monthly,61.273883873199935,Sports & Outdoors
466,41.0,32064.0,Male,5,Rarely,60.74530950274239,Sports & Outdoors
467,42.0,43398.0,Female,10,Rarely,239.1218175013972,Sports & Outdoors
468,29.0,33251.0,Female,3,Weekly,347.3245467190164,Beauty
469,29.0,,Female,1,Weekly,717.2949749360864,Clothing
470,,56739.0,Male,2,Rarely,341.9033060583654,Sports & Outdoors
471,11.0,42925.0,Female,15,Weekly,115.7668604171884,Clothing
472,19.0,39428.0,Male,2,Rarely,261.77528962497865,Sports & Outdoors
473,48.0,40033.0,Female,1,Monthly,506.1327169519449,Sports & Outdoors
474,51.0,42303.0,Male,3,Weekly,292.24611938984856,Sports & Outdoors
475,32.0,60743.0,Male,4,Monthly,378.55823262224357,Sports & Outdoors
476,40.0,74528.0,Male,3,Monthly,218.24955189469256,Sports & Outdoors
477,38.0,92171.0,Female,1,Monthly,264.4518306764105,Sports & Outdoors
478,,60920.0,Male,6,Rarely,238.6377234188896,Sports & Outdoors
479,46.0,37578.0,Male,5,Monthly,408.09237683551396,Sports & Outdoors
480,,53303.0,Male,8,Monthly,104.25730513054258,Sports & Outdoors
481,25.0,41510.0,Male,5,Monthly,336.2071815112258,Sports & Outdoors
482,18.0,35878.0,Male,14,Rarely,102.19548773580746,Sports & Outdoors
483,37.0,66760.0,Male,8,Monthly,553.3345559139581,Sports & Outdoors
484,27.0,30783.0,Female,7,Monthly,326.78348701572617,Sports & Outdoors
485,20.0,76407.0,Female,11,Weekly,579.2348408943682,Sports & Outdoors
486,28.0,42378.0,Male,5,Rarely,317.6548987660234,Sports & Outdoors
487,24.0,50278.0,Female,4,Monthly,,Sports & Outdoors
488,51.0,51538.0,Female,6,Weekly,134.9278327563171,Sports & Outdoors
489,43.0,75098.0,Male,0,Rarely,284.07687605371353,Sports & Outdoors
490,34.0,50248.0,Male,5,Rarely,248.3128813848173,Sports & Outdoors
491,49.0,49034.0,Male,4,Rarely,378.43671582598535,Sports & Outdoors
492,35.0,,Female,6,Rarely,117.11088769170927,Sports & Outdoors
493,26.0,,Male,10,Rarely,80.69800658526842,Sports & Outdoors
494,,33254.0,Female,7,Rarely,214.3631318937262,Sports & Outdoors
495,40.0,56745.0,Male,2,Monthly,,Sports & Outdoors
496,24.0,44357.0,Female,9,Monthly,254.5157172250637,Sports & Outdoors
497,33.0,52802.0,Male,14,Monthly,481.2341505703799,Sports & Outdoors
498,26.0,30851.0,Male,10,Monthly,369.738511180092,Sports & Outdoors
499,21.0,31772.0,Female,1,Weekly,390.774352016989,Beauty
500,44.0,55198.0,Female,7,Monthly,348.59326901843235,Sports & Outdoors
501,54.0,31496.0,Female,1,Rarely,512.7352822879299,Sports & Outdoors
502,21.0,31478.0,Female,3,Monthly,313.9203769889281,Sports & Outdoors
503,40.0,30243.0,Female,6,Monthly,,Sports & Outdoors
504,28.0,92700.0,Female,6,Rarely,101.83741867160401,Sports & Outdoors
505,30.0,56750.0,Male,10,Monthly,105.95611763940633,Sports & Outdoors
506,29.0,38715.0,Female,14,Monthly,284.10409739585083,Sports & Outdoors
507,26.0,37034.0,Male,7,Monthly,394.8841205855482,Sports & Outdoors
508,35.0,38606.0,Male,3,Weekly,464.68459620544195,Sports & Outdoors
509,26.0,59802.0,Female,0,Monthly,483.340338321581,Sports & Outdoors
510,37.0,51656.0,Male,12,Rarely,83.14155335516413,Sports & Outdoors
511,34.0,34096.0,Female,4,Rarely,,Sports & Outdoors
512,32.0,33825.0,Female,4,Monthly,263.4992823628427,Sports & Outdoors
513,25.0,32071.0,Male,5,Monthly,474.41254775419594,Sports & Outdoors
514,29.0,,Male,6,Monthly,383.0240428103953,Sports & Outdoors
515,42.0,58910.0,Female,7,Rarely,227.9639835866203,Sports & Outdoors
516,40.0,36158.0,Female,4,Rarely,279.4583018844794,Sports & Outdoors
517,25.0,30423.0,Male,4,Weekly,459.157077538815,Clothing
518,35.0,31714.0,Male,3,Weekly,351.85084229050693,Sports & Outdoors
519,42.0,98753.0,Male,2,Weekly,434.64888006669594,Sports & Outdoors
520,18.0,37003.0,Male,2,Rarely,116.85412037396901,Sports & Outdoors
521,40.0,59326.0,Female,4,Weekly,474.67347863666305,Sports & Outdoors
522,28.0,49598.0,Female,2,Monthly,129.56254253476567,Sports & Outdoors
523,40.0,39623.0,Female,0,Monthly,529.3480952873967,Sports & Outdoors
524,27.0,34605.0,Female,3,Rarely,359.4873513359269,Sports & Outdoors
525,16.0,32588.0,Male,1,Weekly,252.1225992132977,Beauty
526,18.0,49090.0,Male,5,Monthly,358.671505178115,Sports & Outdoors
527,35.0,59800.0,Female,2,Rarely,,Sports & Outdoors
528,37.0,50651.0,Female,6,Weekly,,Sports & Outdoors
529,,45113.0,Female,1,Monthly,246.18166175405293,Sports & Outdoors
530,41.0,30857.0,Female,0,Weekly,584.9585264537889,Sports & Outdoors
531,18.0,99148.0,Female,4,Rarely,,Home & Garden
532,34.0,62060.0,Female,3,Weekly,99.64987101623446,Sports & Outdoors
533,22.0,36929.0,Female,1,Rarely,523.6648341731332,Sports & Outdoors
534,,108210.0,Female,8,Weekly,365.9117173328482,Sports & Outdoors
535,35.0,48420.0,Female,2,Monthly,219.11356813155797,Sports & Outdoors
536,26.0,47465.0,Male,2,Rarely,194.89689149790902,Sports & Outdoors
537,,57572.0,Female,9,Rarely,215.31585824844353,Sports & Outdoors
538,45.0,,Male,7,Rarely,113.77967905450107,Sports & Outdoors
539,29.0,51370.0,Male,1,Weekly,240.80385820707068,Clothing
540,,32741.0,Female,3,Weekly,585.133724392384,Sports & Outdoors
541,23.0,38257.0,Female,1,Monthly,155.93223789771676,Sports & Outdoors
542,40.0,82645.0,Male,9,Rarely,334.34711610073657,Home & Garden
543,,35087.0,Male,9,Rarely,311.4487676360287,Sports & Outdoors
544,10.0,39309.0,Female,15,Weekly,,Clothing
545,27.0,41315.0,Male,20,Weekly,345.8004974962223,Clothing
546,40.0,41575.0,Female,2,Monthly,206.63848327284276,Sports & Outdoors
547,32.0,48983.0,Female,8,Monthly,499.9073373769847,Sports & Outdoors
548,38.0,87320.0,Female,0,Weekly,268.71467735492183,Sports & Outdoors
549,28.0,35506.0,Male,5,Rarely,436.0273070218636,Sports & Outdoors
550,35.0,,Male,6,Monthly,102.94207052936837,Sports & Outdoors
551,33.0,,Female,2,Weekly,81.44012500663004,Sports & Outdoors
552,46.0,73594.0,Male,2,Weekly,460.9172611987549,Home & Garden
553,37.0,50758.0,Male,9,Rarely,570.4654086999342,Sports & Outdoors
554,38.0,,Male,6,Weekly,535.1424774941985,Sports & Outdoors
555,30.0,63850.0,Male,14,Weekly,199.21981885836541,Sports & Outdoors
556,30.0,69518.0,Male,13,Monthly,226.39273143779928,Sports & Outdoors
557,30.0,67482.0,Male,0,Weekly,463.3108404862387,Sports & Outdoors
558,38.0,80247.0,Male,3,Weekly,109.09835473483362,Sports & Outdoors
559,30.0,35813.0,Female,1,Monthly,147.5250390727905,Sports & Outdoors
560,37.0,58133.0,Male,8,Rarely,252.6968331678596,Sports & Outdoors
561,,42343.0,Male,6,Rarely,94.63878157015775,Sports & Outdoors
562,43.0,66903.0,Male,2,Monthly,211.45254612901817,Sports & Outdoors
563,31.0,56075.0,Male,2,Monthly,522.400313333153,Sports & Outdoors
564,47.0,59962.0,Male,11,Rarely,128.22010414647235,Sports & Outdoors
565,30.0,51351.0,Male,3,Rarely,500.1352293407674,Sports & Outdoors
566,14.0,33906.0,Male,0,Rarely,573.9626144004875,Sports & Outdoors
567,24.0,45750.0,Male,1,Rarely,572.7711933871556,Sports & Outdoors
568,16.0,113558.0,Female,16,Rarely,432.9177318578029,Sports & Outdoors
569,31.0,85415.0,Male,10,Monthly,584.3863832178362,Home & Garden
570,35.0,30882.0,Male,1,Weekly,237.02542747153387,Sports & Outdoors
571,51.0,33602.0,Male,5,Rarely,71.22170611327691,Sports & Outdoors
572,38.0,32825.0,Male,9,Rarely,253.31275177425073,Sports & Outdoors
573,32.0,,Female,0,Weekly,323.90984101833374,Sports & Outdoors
574,43.0,64051.0,Female,10,Weekly,295.21293927403934,Sports & Outdoors
575,12.0,34803.0,Female,6,Weekly,93.44723751863522,Clothing
576,37.0,,Female,2,Weekly,445.1404563330755,Sports & Outdoors
577,42.0,66739.0,Female,7,Weekly,500.54215026887164,Sports & Outdoors
578,20.0,56395.0,Female,6,Weekly,298.2984642445576,Beauty
579,46.0,45628.0,Female,6,Monthly,89.76642882259505,Sports & Outdoors
580,38.0,47848.0,Female,5,Weekly,338.27625562159085,Sports & Outdoors
581,30.0,44200.0,Female,2,Weekly,,Sports & Outdoors
582,41.0,37063.0,Female,2,Monthly,278.423417746933,Sports & Outdoors
583,57.0,,Female,4,Weekly,88.2448889500069,Sports & Outdoors
584,36.0,53351.0,Female,5,Rarely,72.35688061449059,Sports & Outdoors
585,37.0,71322.0,Female,8,Rarely,119.18714719008995,Sports & Outdoors
586,30.0,50228.0,Female,16,Weekly,291.718603473014,Sports & Outdoors
587,26.0,58636.0,Female,5,Monthly,313.18090743807835,Sports & Outdoors
588,43.0,33488.0,Female,7,Rarely,94.57527717334233,Sports & Outdoors
589,26.0,42381.0,Male,9,Monthly,554.9132055965617,Sports & Outdoors
590,35.0,30187.0,Female,8,Rarely,100.57681743206624,Sports & Outdoors
591,30.0,35665.0,Male,2,Weekly,415.27949982164876,Sports & Outdoors
592,39.0,55926.0,Female,12,Monthly,302.55289547941857,Sports & Outdoors
593,38.0,126096.0,Female,11,Monthly,74.46288447117837,Sports & Outdoors
594,45.0,32088.0,Male,5,Monthly,118.97017086527062,Sports & Outdoors
595,,40266.0,Female,2,Rarely,329.17538396180674,Sports & Outdoors
596,32.0,62195.0,Male,5,Rarely,546.1536574611442,Sports & Outdoors
597,,34564.0,Male,1,Rarely,,Sports & Outdoors
598,30.0,46197.0,Male,13,Weekly,95.60312592441635,Sports & Outdoors
599,38.0,56415.0,Female,2,Rarely,535.3422523805557,Sports & Outdoors
600,42.0,49141.0,Female,3,Weekly,377.82916246078236,Sports & Outdoors
601,25.0,34165.0,Female,12,Monthly,214.6198081236446,Sports & Outdoors
602,43.0,38782.0,Male,11,Monthly,239.71690174075619,Sports & Outdoors
603,48.0,60630.0,Male,6,Weekly,84.15747147229327,Sports & Outdoors
604,39.0,46158.0,Female,14,Rarely,567.3964858952303,Sports & Outdoors
605,53.0,30104.0,Female,2,Weekly,401.5438801432867,Sports & Outdoors
606,27.0,58625.0,Female,6,Monthly,315.87391575206163,Sports & Outdoors
607,22.0,30718.0,Female,2,Monthly,179.87583102314352,Sports & Outdoors
608,,57387.0,Female,10,Weekly,581.0586271268428,Clothing
609,49.0,34524.0,Male,10,Rarely,203.5482495617903,Sports & Outdoors
610,,93436.0,Male,15,Rarely,104.63059807605755,Sports & Outdoors
611,34.0,39175.0,Male,4,Weekly,420.18993676268855,Sports & Outdoors
612,37.0,37918.0,Female,18,Weekly,326.8717996559568,Sports & Outdoors
613,23.0,33224.0,Male,2,Rarely,466.1125054551014,Sports & Outdoors
614,59.0,37294.0,Male,4,Monthly,,Sports & Outdoors
615,36.0,71854.0,Male,2,Weekly,119.0436748687354,Sports & Outdoors
616,36.0,142174.0,Male,5,Rarely,185.06395915060978,Sports & Outdoors
617,42.0,39187.0,Male,2,Rarely,91.60012045746609,Sports & Outdoors
618,,41906.0,Female,10,Monthly,470.79155245313484,Sports & Outdoors
619,37.0,55607.0,Male,7,Monthly,234.13363092094903,Sports & Outdoors
620,27.0,73465.0,Female,1,Monthly,431.7160538148432,Home & Garden
621,39.0,47981.0,Female,8,Monthly,342.11360610879234,Sports & Outdoors
622,53.0,39936.0,Female,14,Monthly,499.9477476331972,Sports & Outdoors
623,48.0,40641.0,Female,7,Weekly,,Sports & Outdoors
624,50.0,53789.0,Female,1,Rarely,,Sports & Outdoors
625,29.0,,Male,4,Weekly,202.2875446876746,Clothing
626,25.0,,Male,8,Weekly,545.6469751428708,Clothing
627,33.0,38785.0,Female,4,Weekly,104.8678761181539,Sports & Outdoors
628,35.0,61616.0,Female,1,Weekly,290.65610447933415,Sports & Outdoors
629,,31952.0,Female,11,Weekly,77.04218176279451,Sports & Outdoors
630,18.0,47744.0,Male,3,Monthly,,Sports & Outdoors
631,50.0,43115.0,Female,14,Monthly,585.8485171919579,Sports & Outdoors
632,33.0,50562.0,Male,3,Rarely,466.8486420095976,Sports & Outdoors
633,30.0,31341.0,Female,3,Weekly,385.77504124292886,Sports & Outdoors
634,24.0,47349.0,Male,3,Rarely,120.20662157596101,Sports & Outdoors
635,18.0,46487.0,Female,4,Monthly,,Sports & Outdoors
636,43.0,46449.0,Male,6,Monthly,82.48984308705676,Sports & Outdoors
637,35.0,48500.0,Female,2,Monthly,112.57537158181424,Sports & Outdoors
638,22.0,52569.0,Male,1,Weekly,,Clothing
639,22.0,62693.0,Male,0,Weekly,267.6160203252167,Clothing
640,31.0,36289.0,Male,0,Monthly,258.70553351443033,Sports & Outdoors
641,51.0,64865.0,Male,1,Rarely,266.9479378488345,Sports & Outdoors
642,32.0,43793.0,Male,3,Rarely,,Sports & Outdoors
643,19.0,31603.0,Male,5,Monthly,439.2712969713257,Sports & Outdoors
644,,31206.0,Male,6,Rarely,180.89903644248523,Sports & Outdoors
645,32.0,,Female,5,Monthly,106.5574363646658,Sports & Outdoors
646,8.0,60732.0,Female,12,Rarely,83.8877251451208,Sports & Outdoors
647,,54598.0,Female,15,Monthly,498.0925094041164,Sports & Outdoors
648,32.0,61081.0,Female,3,Rarely,421.3068449796114,Sports & Outdoors
649,41.0,44565.0,Female,2,Weekly,305.2760975328902,Sports & Outdoors
650,53.0,,Male,18,Monthly,281.3512326297265,Sports & Outdoors
651,46.0,33190.0,Male,11,Monthly,217.6998671827172,Sports & Outdoors
652,32.0,37955.0,Male,10,Rarely,314.46985884654976,Sports & Outdoors
653,23.0,41383.0,Male,3,Monthly,193.5091553972345,Sports & Outdoors
654,,31855.0,Male,9,Monthly,353.8514324226493,Sports & Outdoors
655,,,Female,5,Monthly,100.1148289360888,Sports & Outdoors
656,35.0,48237.0,Female,4,Weekly,232.11123343659284,Sports & Outdoors
657,,56610.0,Female,4,Weekly,112.91558185807261,Sports & Outdoors
658,36.0,158109.0,Female,7,Rarely,315.2237412305109,Sports & Outdoors
659,33.0,84095.0,Male,13,Weekly,400.4202490647607,Home & Garden
660,29.0,50576.0,Male,19,Rarely,364.7202454516806,Sports & Outdoors
661,29.0,40937.0,Male,3,Weekly,122.98167126652426,Clothing
662,,50221.0,Female,5,Rarely,85.02134613479124,Sports & Outdoors
663,29.0,60803.0,Male,4,Weekly,160.8534866697533,Clothing
664,27.0,32518.0,Female,6,Weekly,360.37546638017346,Clothing
665,36.0,40549.0,Male,4,Rarely,170.43629537286114,Sports & Outdoors
666,,66626.0,Male,2,Monthly,371.4044607709552,Sports & Outdoors
667,50.0,39684.0,Female,3,Monthly,332.95965276701594,Sports & Outdoors
668,8.0,46966.0,Male,3,Weekly,163.65009676361097,Clothing
669,45.0,47723.0,Male,4,Rarely,,Sports & Outdoors
670,47.0,34078.0,Female,1,Monthly,295.2457560352679,Sports & Outdoors
671,14.0,38995.0,Male,3,Rarely,115.74277108006947,Sports & Outdoors
672,31.0,38144.0,Female,6,Monthly,478.89593925853256,Sports & Outdoors
673,31.0,30530.0,Male,6,Rarely,195.15487496223267,Sports & Outdoors
674,20.0,,Male,6,Weekly,,Beauty
675,27.0,65639.0,Male,12,Rarely,339.77222580627785,Sports & Outdoors
676,23.0,36378.0,Male,7,Monthly,101.51198978901874,Sports & Outdoors
677,52.0,44599.0,Male,12,Weekly,306.2135965343655,Sports & Outdoors
678,44.0,37097.0,Male,19,Rarely,70.40303039124056,Sports & Outdoors
679,47.0,86495.0,Male,9,Monthly,330.99894499310636,Sports & Outdoors
680,42.0,36003.0,Male,1,Weekly,385.85421793811963,Sports & Outdoors
681,23.0,41230.0,Female,6,Rarely,174.66859258615423,Sports & Outdoors
682,29.0,71228.0,Female,5,Monthly,558.6079034340364,Sports & Outdoors
683,39.0,66894.0,Male,14,Rarely,103.94359487611251,Sports & Outdoors
684,,34118.0,Male,4,Rarely,84.54451213011241,Sports & Outdoors
685,42.0,62454.0,Female,2,Weekly,103.26396918992715,Sports & Outdoors
686,32.0,42256.0,Male,3,Weekly,91.63534428890154,Sports & Outdoors
687,31.0,43193.0,Male,1,Monthly,,Sports & Outdoors
688,42.0,32865.0,Female,17,Weekly,323.1745379377774,Sports & Outdoors
689,39.0,31680.0,Male,5,Monthly,275.1514410373657,Sports & Outdoors
690,31.0,56034.0,Male,1,Rarely,272.8206040087833,Sports & Outdoors
691,46.0,43721.0,Female,14,Rarely,87.337019920855,Sports & Outdoors
692,24.0,41484.0,Male,16,Monthly,,Sports & Outdoors
693,41.0,56150.0,Male,5,Rarely,714.3686652543521,Sports & Outdoors
694,40.0,59007.0,Female,1,Weekly,106.91673315591127,Sports & Outdoors
695,31.0,33461.0,Male,3,Rarely,456.06128057643883,Sports & Outdoors
696,38.0,48843.0,Female,4,Weekly,114.66120231744301,Sports & Outdoors
697,22.0,32908.0,Male,5,Monthly,383.5208227009757,Sports & Outdoors
698,44.0,57836.0,Male,1,Monthly,354.2075783850944,Sports & Outdoors
699,33.0,51397.0,Female,9,Rarely,275.44455270373555,Sports & Outdoors
700,29.0,92752.0,Female,0,Rarely,396.53197675464196,Home & Garden
701,45.0,31429.0,Male,10,Weekly,208.15150212827234,Sports & Outdoors
702,27.0,31174.0,Female,12,Weekly,252.51660158864547,Clothing
703,20.0,36630.0,Female,3,Rarely,,Sports & Outdoors
704,19.0,36068.0,Male,4,Rarely,84.89232845312512,Sports & Outdoors
705,41.0,35673.0,Male,13,Monthly,,Sports & Outdoors
706,22.0,77343.0,Male,8,Monthly,564.800318515404,Home & Garden
707,,35741.0,Female,3,Monthly,133.8819615682395,Sports & Outdoors
708,14.0,36347.0,Female,4,Rarely,82.28053983506999,Sports & Outdoors
709,51.0,58492.0,Female,7,Rarely,330.8023541182812,Sports & Outdoors
710,37.0,41947.0,Female,16,Rarely,,Sports & Outdoors
711,34.0,59985.0,Male,4,Monthly,355.5442658350487,Sports & Outdoors
712,29.0,31352.0,Female,3,Rarely,,Sports & Outdoors
713,38.0,43371.0,Male,5,Weekly,196.3023548597759,Sports & Outdoors
714,34.0,30683.0,Female,5,Rarely,498.1976747270618,Sports & Outdoors
715,46.0,31294.0,Male,6,Rarely,,Sports & Outdoors
716,36.0,77382.0,Male,4,Rarely,560.4759225738273,Home & Garden
717,36.0,32998.0,Male,11,Rarely,386.7679486277176,Sports & Outdoors
718,31.0,45203.0,Female,2,Rarely,356.366341168055,Sports & Outdoors
719,34.0,40589.0,Male,6,Weekly,94.4080342651037,Sports & Outdoors
720,38.0,38534.0,Male,7,Weekly,291.00963841363927,Sports & Outdoors
721,17.0,,Female,2,Rarely,140.52159675854938,Sports & Outdoors
722,21.0,30441.0,Male,6,Monthly,185.45942978652184,Sports & Outdoors
723,42.0,51800.0,Female,7,Rarely,450.63662660879913,Sports & Outdoors
724,,96151.0,Female,0,Rarely,604.6184735415195,Home & Garden
725,33.0,46427.0,Male,2,Rarely,108.70476274370263,Sports & Outdoors
726,35.0,85236.0,Male,14,Monthly,266.88187528017363,Sports & Outdoors
727,38.0,31073.0,Female,3,Monthly,490.6858632631216,Sports & Outdoors
728,29.0,40852.0,Male,1,Monthly,,Sports & Outdoors
729,27.0,36026.0,Female,0,Weekly,501.22527847925005,Beauty
730,,56247.0,Female,1,Monthly,452.1425308487485,Sports & Outdoors
731,25.0,109581.0,Female,4,Weekly,272.47752782769845,Home & Garden
732,39.0,35928.0,Male,1,Weekly,287.4844604438214,Sports & Outdoors
733,17.0,51236.0,Female,8,Monthly,387.1041582138296,Sports & Outdoors
734,45.0,34415.0,Male,2,Monthly,113.22738926372296,Sports & Outdoors
735,39.0,,Male,6,Monthly,259.74679584655166,Sports & Outdoors
736,37.0,42469.0,Male,12,Weekly,588.9102778582977,Sports & Outdoors
737,44.0,101514.0,Male,12,Rarely,117.49488166062942,Sports & Outdoors
738,,48756.0,Female,6,Monthly,106.85927064888969,Sports & Outdoors
739,45.0,38600.0,Male,1,Monthly,138.7922381721489,Sports & Outdoors
740,16.0,,Female,4,Monthly,377.2435589194985,Sports & Outdoors
741,22.0,33279.0,Female,6,Weekly,121.3945858040093,Clothing
742,28.0,35106.0,Male,22,Weekly,405.2922699634601,Clothing
743,35.0,35779.0,Female,0,Rarely,107.03532275628652,Sports & Outdoors
744,40.0,68024.0,Female,4,Monthly,552.3807363087753,Sports & Outdoors
745,27.0,46475.0,Male,7,Weekly,200.5296549411042,Clothing
746,36.0,44821.0,Female,5,Rarely,462.44305396915297,Sports & Outdoors
747,27.0,32438.0,Female,5,Monthly,155.6572354274213,Sports & Outdoors
748,28.0,69342.0,Female,2,Weekly,114.35530818249646,Clothing
749,20.0,55661.0,Female,9,Monthly,120.82894433766708,Sports & Outdoors
750,25.0,31401.0,Male,5,Monthly,307.1104915074531,Sports & Outdoors
751,21.0,54608.0,Female,5,Weekly,112.10337299440982,Clothing
752,,45685.0,Female,10,Weekly,,Clothing
753,45.0,31705.0,Female,3,Weekly,278.00824905557556,Sports & Outdoors
754,25.0,42260.0,Female,11,Monthly,252.43042109453415,Sports & Outdoors
755,61.0,43259.0,Male,1,Monthly,80.18731219571973,Sports & Outdoors
756,39.0,33625.0,Female,6,Rarely,160.3140884522712,Sports & Outdoors
757,36.0,88263.0,Male,2,Monthly,136.09668731287996,Sports & Outdoors
758,26.0,67939.0,Female,1,Weekly,291.266598087817,Clothing
759,42.0,52114.0,Male,16,Monthly,624.6545593231067,Sports & Outdoors
760,29.0,42408.0,Male,1,Rarely,204.07782829026394,Sports & Outdoors
761,36.0,40612.0,Male,5,Rarely,139.25586921636588,Sports & Outdoors
762,60.0,51052.0,Male,1,Weekly,81.74110968843158,Sports & Outdoors
763,34.0,45768.0,Male,11,Weekly,180.74156893869244,Sports & Outdoors
764,46.0,31285.0,Female,3,Rarely,,Sports & Outdoors
765,27.0,44369.0,Female,10,Rarely,322.15778858579995,Sports & Outdoors
766,34.0,62839.0,Female,7,Rarely,217.38376674627128,Sports & Outdoors
767,52.0,42295.0,Male,20,Weekly,,Sports & Outdoors
768,28.0,31067.0,Female,1,Rarely,418.14013006091983,Sports & Outdoors
769,53.0,60861.0,Male,2,Rarely,86.26437132296877,Sports & Outdoors
770,42.0,34496.0,Male,10,Weekly,153.40456804427834,Sports & Outdoors
771,29.0,,Female,6,Monthly,,Sports & Outdoors
772,41.0,33599.0,Female,4,Monthly,98.2991938771027,Sports & Outdoors
773,44.0,38015.0,Male,17,Rarely,91.39124614598046,Sports & Outdoors
774,41.0,58273.0,Male,5,Monthly,280.31124931040557,Sports & Outdoors
775,19.0,,Female,2,Monthly,398.8196478991228,Sports & Outdoors
776,,34585.0,Female,10,Monthly,116.20994998300534,Sports & Outdoors
777,32.0,72046.0,Female,5,Monthly,445.5234953650249,Sports & Outdoors
778,34.0,72335.0,Female,5,Rarely,333.27321151830756,Sports & Outdoors
779,,70893.0,Male,8,Monthly,639.9696138972348,Home & Garden
780,36.0,35457.0,Female,8,Monthly,429.3319849717835,Sports & Outdoors
781,21.0,42001.0,Female,2,Weekly,100.70839783564868,Beauty
782,38.0,113980.0,Female,3,Rarely,465.58772634371684,Sports & Outdoors
783,,59569.0,Male,1,Weekly,295.00698778596046,Sports & Outdoors
784,,30550.0,Male,6,Weekly,122.99181379397253,Sports & Outdoors
785,45.0,,Male,16,Rarely,386.1919039043488,Sports & Outdoors
786,43.0,42469.0,Male,2,Monthly,472.4993268848549,Sports & Outdoors
787,,77986.0,Female,1,Weekly,499.92001662580026,Sports & Outdoors
788,34.0,45474.0,Male,2,Rarely,119.67429387055995,Sports & Outdoors
789,18.0,43775.0,Female,4,Monthly,,Sports & Outdoors
790,39.0,32229.0,Female,8,Rarely,289.0444873331373,Sports & Outdoors
791,37.0,51387.0,Female,3,Weekly,114.56015695668054,Sports & Outdoors
792,37.0,64531.0,Female,6,Monthly,113.26856238642193,Sports & Outdoors
793,22.0,39574.0,Male,3,Monthly,239.00538084973152,Sports & Outdoors
794,24.0,,Male,4,Rarely,430.7428710533838,Sports & Outdoors
795,45.0,96751.0,Male,2,Monthly,111.03906295991568,Sports & Outdoors
796,34.0,34557.0,Female,1,Weekly,106.85592843854317,Sports & Outdoors
797,41.0,44818.0,Female,8,Weekly,263.18932310111563,Sports & Outdoors
798,35.0,36769.0,Female,3,Weekly,183.12755282275128,Sports & Outdoors
799,,61486.0,Female,6,Rarely,504.8191162945217,Sports & Outdoors
800,44.0,47235.0,Female,2,Monthly,239.10187006093742,Sports & Outdoors
801,29.0,50134.0,Male,5,Monthly,303.03825865564704,Sports & Outdoors
802,35.0,61981.0,Female,0,Monthly,532.4956701058381,Sports & Outdoors
803,30.0,40082.0,Male,3,Weekly,85.51627468116295,Sports & Outdoors
804,30.0,79323.0,Female,2,Monthly,197.69257588410576,Sports & Outdoors
805,31.0,45229.0,Female,11,Weekly,397.06495863145255,Sports & Outdoors
806,37.0,33438.0,Male,1,Monthly,655.9937702372821,Sports & Outdoors
807,30.0,,Male,4,Weekly,433.44268672129806,Sports & Outdoors
808,47.0,61525.0,Female,6,Monthly,265.50610033596485,Sports & Outdoors
809,26.0,37618.0,Female,10,Rarely,740.3018191785491,Sports & Outdoors
810,33.0,,Female,9,Rarely,543.652966781256,Sports & Outdoors
811,30.0,77319.0,Female,4,Weekly,245.81876504132498,Home & Garden
812,49.0,36484.0,Male,5,Weekly,159.9842972205808,Sports & Outdoors
813,36.0,112113.0,Female,11,Monthly,127.9266121488304,Sports & Outdoors
814,45.0,33033.0,Male,4,Monthly,505.16265028104203,Sports & Outdoors
815,20.0,34513.0,Female,5,Rarely,102.52263031692031,Sports & Outdoors
816,37.0,34072.0,Male,11,Monthly,178.03715648184746,Sports & Outdoors
817,43.0,74884.0,Male,22,Weekly,457.0826060350717,Home & Garden
818,35.0,51243.0,Female,6,Weekly,538.3759289776925,Sports & Outdoors
819,45.0,33299.0,Male,7,Weekly,78.89553019751926,Sports & Outdoors
820,29.0,41607.0,Female,9,Weekly,420.57107726464767,Beauty
821,49.0,49105.0,Male,11,Weekly,130.22160390270258,Sports & Outdoors
822,,31743.0,Female,10,Rarely,57.327283166823584,Sports & Outdoors
823,31.0,72812.0,Male,3,Rarely,276.6950497538309,Sports & Outdoors
824,30.0,62552.0,Female,6,Weekly,227.0243984601223,Sports & Outdoors
825,49.0,44072.0,Female,10,Monthly,254.55871494643452,Sports & Outdoors
826,50.0,98301.0,Male,12,Weekly,451.01072698603184,Home & Garden
827,29.0,40817.0,Male,4,Rarely,180.1055630973277,Sports & Outdoors
828,30.0,112841.0,Male,6,Weekly,385.9154504364451,Sports & Outdoors
829,32.0,,Male,6,Rarely,418.89348480854756,Sports & Outdoors
830,21.0,50139.0,Female,5,Rarely,278.32521942434323,Sports & Outdoors
831,25.0,33629.0,Male,6,Weekly,106.38089744639554,Clothing
832,24.0,72729.0,Female,31,Weekly,,Clothing
833,27.0,41154.0,Male,4,Monthly,,Sports & Outdoors
834,,33540.0,Female,4,Rarely,331.3759845948729,Sports & Outdoors
835,37.0,30253.0,Female,0,Monthly,685.7928560927684,Sports & Outdoors
836,50.0,46408.0,Female,0,Weekly,615.961358842528,Sports & Outdoors
837,25.0,,Female,7,Rarely,557.4517340617182,Sports & Outdoors
838,44.0,,Male,10,Monthly,56.271335485308676,Sports & Outdoors
839,32.0,74192.0,Male,9,Monthly,334.6915137033352,Home & Garden
840,34.0,31654.0,Female,2,Monthly,552.4200208409469,Sports & Outdoors
841,41.0,,Male,8,Weekly,372.1866859814834,Sports & Outdoors
842,23.0,34150.0,Male,4,Weekly,105.17420266947666,Clothing
843,38.0,69063.0,Female,3,Weekly,121.02984992517378,Sports & Outdoors
844,36.0,64192.0,Male,1,Rarely,111.38731837187547,Sports & Outdoors
845,39.0,45565.0,Male,2,Weekly,259.1898358979864,Sports & Outdoors
846,37.0,54774.0,Male,7,Rarely,501.32646430839736,Sports & Outdoors
847,59.0,37547.0,Female,6,Monthly,229.21427724804795,Sports & Outdoors
848,28.0,42741.0,Male,5,Monthly,202.37808136870598,Sports & Outdoors
849,29.0,64478.0,Female,0,Weekly,625.4284889106895,Clothing
850,28.0,42296.0,Male,5,Monthly,539.5681556840109,Sports & Outdoors
851,29.0,38857.0,Male,3,Weekly,575.2922665287831,Beauty
852,28.0,43632.0,Male,6,Rarely,582.140064699176,Sports & Outdoors
853,,,Female,11,Monthly,235.99903780164823,Sports & Outdoors
854,49.0,38165.0,Female,3,Weekly,201.99944141426715,Sports & Outdoors
855,29.0,33817.0,Male,5,Monthly,373.4116421184828,Sports & Outdoors
856,26.0,54896.0,Female,17,Monthly,241.75383979228315,Sports & Outdoors
857,39.0,64971.0,Male,6,Weekly,218.529321868161,Sports & Outdoors
858,29.0,32121.0,Female,4,Monthly,96.2357507578882,Sports & Outdoors
859,41.0,35485.0,Female,2,Monthly,371.8148596557337,Sports & Outdoors
860,37.0,33062.0,Male,8,Monthly,340.3091667879459,Sports & Outdoors
861,19.0,,Male,2,Monthly,531.0342619944954,Sports & Outdoors
862,50.0,,Male,11,Rarely,85.6557464553308,Sports & Outdoors
863,52.0,57632.0,Male,8,Monthly,339.967588085834,Sports & Outdoors
864,28.0,51062.0,Female,3,Monthly,201.4115840954264,Sports & Outdoors
865,31.0,49400.0,Female,2,Weekly,527.4360958567113,Sports & Outdoors
866,37.0,,Female,2,Rarely,339.8318453959005,Sports & Outdoors
867,38.0,66833.0,Male,0,Weekly,305.9511053986637,Sports & Outdoors
868,41.0,42746.0,Male,7,Weekly,668.3058936402732,Sports & Outdoors
869,55.0,,Female,0,Weekly,237.93671736884545,Sports & Outdoors
870,33.0,50110.0,Male,4,Rarely,,Sports & Outdoors
871,27.0,32699.0,Female,4,Weekly,304.65457858669976,Clothing
872,21.0,52551.0,Female,3,Weekly,60.71451400370509,Beauty
873,27.0,37863.0,Female,7,Weekly,485.1352248439081,Clothing
874,34.0,53188.0,Female,3,Monthly,94.08096644016557,Sports & Outdoors
875,52.0,31443.0,Female,5,Weekly,302.27751547610177,Sports & Outdoors
876,29.0,33844.0,Male,11,Rarely,152.72645722364035,Sports & Outdoors
877,,68722.0,Male,7,Rarely,469.6729638759528,Sports & Outdoors
878,34.0,35154.0,Male,3,Monthly,132.27605430072305,Sports & Outdoors
879,,66285.0,Female,5,Rarely,301.22553113508525,Sports & Outdoors
880,60.0,36549.0,Female,3,Rarely,241.0769194804264,Sports & Outdoors
881,29.0,50593.0,Female,4,Monthly,286.34002482567183,Sports & Outdoors
882,30.0,53693.0,Female,5,Weekly,384.8768770884665,Sports & Outdoors
883,45.0,44375.0,Male,1,Monthly,108.98935556894455,Sports & Outdoors
884,41.0,37285.0,Male,1,Weekly,93.39720758710507,Sports & Outdoors
885,53.0,34781.0,Female,2,Weekly,265.90369283546755,Sports & Outdoors
886,40.0,30675.0,Female,7,Rarely,340.3097782640177,Sports & Outdoors
887,31.0,37246.0,Female,7,Monthly,564.431849407136,Sports & Outdoors
888,40.0,51177.0,Male,8,Rarely,164.13662346176218,Sports & Outdoors
889,46.0,85710.0,Male,2,Rarely,308.6102007279246,Sports & Outdoors
890,43.0,70990.0,Male,5,Weekly,78.16194608573011,Sports & Outdoors
891,40.0,59054.0,Female,3,Rarely,,Sports & Outdoors
892,45.0,61065.0,Female,4,Monthly,431.0214546417244,Sports & Outdoors
893,,51871.0,Male,3,Rarely,132.3618403633913,Sports & Outdoors
894,48.0,36029.0,Female,6,Rarely,449.6219377740561,Sports & Outdoors
895,41.0,77545.0,Male,2,Weekly,,Sports & Outdoors
896,33.0,52217.0,Female,11,Monthly,228.39015354602836,Sports & Outdoors
897,36.0,46439.0,Male,11,Rarely,385.28227191667236,Sports & Outdoors
898,47.0,32352.0,Female,7,Weekly,254.23007016169277,Sports & Outdoors
899,26.0,41849.0,Male,10,Rarely,296.39275716825625,Sports & Outdoors
900,,42336.0,Male,1,Monthly,293.10323996147486,Sports & Outdoors
901,31.0,69985.0,Male,11,Rarely,369.5166220045021,Sports & Outdoors
902,35.0,45821.0,Male,6,Rarely,102.3312469848389,Sports & Outdoors
903,47.0,39573.0,Male,2,Weekly,712.1023601532443,Sports & Outdoors
904,,105272.0,Male,2,Rarely,477.1799420497789,Sports & Outdoors
905,35.0,32346.0,Female,14,Weekly,149.46049328237967,Sports & Outdoors
906,21.0,40982.0,Female,8,Monthly,258.30724801424816,Sports & Outdoors
907,42.0,30858.0,Female,4,Rarely,550.1923158477068,Sports & Outdoors
908,41.0,56934.0,Male,1,Monthly,339.4144727376404,Sports & Outdoors
909,56.0,80039.0,Male,11,Monthly,,Sports & Outdoors
910,31.0,36571.0,Female,1,Rarely,198.28607777618444,Sports & Outdoors
911,37.0,69086.0,Male,3,Weekly,518.646087513566,Sports & Outdoors
912,37.0,36912.0,Male,4,Monthly,476.21793823939015,Sports & Outdoors
913,,78330.0,Male,2,Monthly,326.56371747465255,Sports & Outdoors
914,34.0,58045.0,Male,4,Rarely,466.1215228955433,Sports & Outdoors
915,37.0,62685.0,Male,4,Rarely,233.433169513129,Sports & Outdoors
916,41.0,30363.0,Female,4,Rarely,433.6467237616317,Sports & Outdoors
917,36.0,,Female,6,Rarely,378.8331372608387,Sports & Outdoors
918,30.0,55941.0,Female,14,Rarely,112.88384422077682,Sports & Outdoors
919,36.0,,Female,1,Rarely,432.27971199203,Sports & Outdoors
920,45.0,65368.0,Female,5,Weekly,249.9913103127076,Sports & Outdoors
921,24.0,,Male,1,Monthly,351.1329603946809,Sports & Outdoors
922,36.0,71232.0,Male,1,Weekly,87.21428365371882,Sports & Outdoors
923,27.0,32388.0,Male,9,Weekly,347.4008800971027,Clothing
924,46.0,54326.0,Male,6,Rarely,285.5657980694351,Sports & Outdoors
925,19.0,45560.0,Female,1,Monthly,416.678255983889,Sports & Outdoors
926,29.0,32030.0,Female,4,Weekly,447.9720373530581,Beauty
927,38.0,35538.0,Female,2,Rarely,,Sports & Outdoors
928,50.0,30249.0,Male,4,Rarely,87.08008029745892,Sports & Outdoors
929,34.0,42651.0,Female,8,Monthly,214.59848722609053,Sports & Outdoors
930,29.0,37169.0,Male,7,Weekly,280.6290490492478,Beauty
931,53.0,48243.0,Female,3,Weekly,482.39525039730484,Sports & Outdoors
932,20.0,37054.0,Female,9,Weekly,519.6556777699582,Clothing
933,13.0,37131.0,Male,12,Rarely,280.5692189791195,Sports & Outdoors
934,39.0,57188.0,Male,8,Monthly,338.2486483169463,Sports & Outdoors
935,29.0,30986.0,Female,3,Monthly,211.56118325033307,Sports & Outdoors
936,24.0,76639.0,Female,4,Weekly,336.3617878276508,Sports & Outdoors
937,42.0,68246.0,Male,14,Rarely,455.16633714923546,Sports & Outdoors
938,37.0,52040.0,Female,3,Weekly,,Sports & Outdoors
939,29.0,,Female,7,Monthly,206.50319466955278,Sports & Outdoors
940,22.0,74568.0,Male,2,Rarely,429.6734509899879,Home & Garden
941,43.0,34099.0,Female,10,Weekly,175.3005137536642,Sports & Outdoors
942,41.0,31645.0,Male,2,Weekly,,Sports & Outdoors
943,34.0,35475.0,Female,4,Rarely,121.47559162247057,Sports & Outdoors
944,53.0,,Male,7,Monthly,123.21319777601944,Sports & Outdoors
945,24.0,,Female,16,Rarely,,Sports & Outdoors
946,19.0,47484.0,Male,5,Weekly,484.5709415040743,Clothing
947,28.0,137797.0,Female,4,Weekly,,Sports & Outdoors
948,34.0,,Male,3,Weekly,293.96397035151114,Sports & Outdoors
949,37.0,44739.0,Female,9,Weekly,225.97102306124847,Sports & Outdoors
950,,31315.0,Female,7,Monthly,92.87826751359782,Sports & Outdoors
951,38.0,65601.0,Female,8,Monthly,436.2898367997674,Sports & Outdoors
952,22.0,48274.0,Female,13,Weekly,84.81494304342824,Beauty
953,49.0,32441.0,Female,5,Monthly,,Sports & Outdoors
954,34.0,31971.0,Female,6,Monthly,95.98194988915256,Sports & Outdoors
955,46.0,,Female,3,Monthly,394.3729240262503,Home & Garden
956,38.0,52124.0,Female,2,Weekly,82.03267024144873,Sports & Outdoors
957,39.0,65355.0,Female,3,Rarely,424.0356847810221,Sports & Outdoors
958,40.0,,Male,0,Rarely,116.48460051372138,Sports & Outdoors
959,39.0,46962.0,Male,7,Rarely,133.91612821313092,Sports & Outdoors
960,41.0,44573.0,Female,6,Weekly,431.14073467348624,Sports & Outdoors
961,48.0,,Male,7,Monthly,103.3609433836054,Sports & Outdoors
962,36.0,37623.0,Female,2,Monthly,,Sports & Outdoors
963,42.0,41404.0,Female,3,Weekly,269.61057734851676,Sports & Outdoors
964,34.0,59733.0,Male,2,Weekly,171.5555674178778,Sports & Outdoors
965,49.0,48422.0,Female,10,Rarely,324.95299849932576,Sports & Outdoors
966,28.0,74609.0,Female,5,Rarely,479.26577237432116,Home & Garden
967,53.0,,Male,5,Weekly,308.24237032789347,Sports & Outdoors
968,34.0,48683.0,Male,8,Rarely,339.482168163813,Sports & Outdoors
969,20.0,49955.0,Female,2,Monthly,,Sports & Outdoors
970,36.0,,Male,6,Weekly,107.99413078882446,Sports & Outdoors
971,28.0,54255.0,Male,17,Weekly,83.25516212789289,Beauty
972,43.0,35421.0,Female,11,Monthly,179.10379532310515,Sports & Outdoors
973,28.0,44363.0,Male,6,Monthly,208.99381821658082,Sports & Outdoors
974,30.0,32201.0,Male,5,Monthly,74.93318208930327,Sports & Outdoors
975,16.0,39706.0,Female,7,Rarely,538.7598328212362,Sports & Outdoors
976,30.0,43375.0,Male,12,Weekly,417.3135443930171,Sports & Outdoors
977,10.0,51123.0,Male,12,Rarely,,Sports & Outdoors
978,19.0,90128.0,Female,14,Monthly,507.0923200309142,Sports & Outdoors
979,42.0,48358.0,Female,6,Rarely,364.71765748960047,Sports & Outdoors
980,42.0,57219.0,Female,0,Monthly,154.26610855729749,Sports & Outdoors
981,39.0,44115.0,Male,16,Rarely,363.1781816808857,Sports & Outdoors
982,25.0,50108.0,Female,2,Rarely,196.93945589563702,Sports & Outdoors
983,34.0,31471.0,Female,8,Monthly,359.51968959345817,Sports & Outdoors
984,34.0,,Male,0,Rarely,463.35120199219347,Sports & Outdoors
985,23.0,38983.0,Female,5,Weekly,266.38607444978936,Clothing
986,50.0,42791.0,Female,3,Rarely,611.9447371034385,Sports & Outdoors
987,43.0,30934.0,Female,14,Rarely,414.14226229714075,Sports & Outdoors
988,32.0,,Female,6,Weekly,219.56216533481447,Sports & Outdoors
989,35.0,36481.0,Male,5,Monthly,,Sports & Outdoors
990,,101179.0,Female,7,Weekly,,Home & Garden
991,14.0,38049.0,Female,0,Rarely,136.369679750716,Sports & Outdoors
992,32.0,43157.0,Male,2,Monthly,368.6257853439193,Sports & Outdoors
993,28.0,34365.0,Female,3,Rarely,356.2286288962835,Sports & Outdoors
994,24.0,48872.0,Male,7,Rarely,339.94850334224134,Sports & Outdoors
995,32.0,36589.0,Male,2,Weekly,391.7996404796932,Sports & Outdoors
996,52.0,34638.0,Male,5,Weekly,661.6465457850035,Sports & Outdoors
997,41.0,44537.0,Female,4,Monthly,644.6022550056473,Sports & Outdoors
998,29.0,30110.0,Male,3,Monthly,,Sports & Outdoors
999,40.0,30153.0,Male,3,Monthly,205.01251083558563,Sports & Outdoors
